{
  "v": "5.7.0",
  "fr": 30,
  "ip": 0,
  "op": 150,
  "w": 250,
  "h": 250,
  "nm": "Ally Avatar Neutral",
  "ddd": 0,
  "assets": [],
  "layers": [
    {
      "ddd": 0,
      "ind": 1,
      "ty": 4,
      "nm": "Head",
      "sr": 1,
      "ks": {
        "o": {
          "a": 0,
          "k": 100,
          "ix": 11
        },
        "r": {
          "a": 0,
          "k": 0,
          "ix": 10
        },
        "p": {
          "a": 0,
          "k": [125, 80, 0],
          "ix": 2
        },
        "a": {
          "a": 0,
          "k": [0, 0, 0],
          "ix": 1
        },
        "s": {
          "a": 0,
          "k": [100, 100, 100],
          "ix": 6
        }
      },
      "ao": 0,
      "shapes": [
        {
          "ty": "el",
          "d": 1,
          "s": {
            "a": 0,
            "k": [80, 80],
            "ix": 2
          },
          "p": {
            "a": 0,
            "k": [0, 0],
            "ix": 3
          },
          "nm": "Head Circle",
          "mn": "ADBE Vector Shape - Ellipse",
          "hd": false
        },
        {
          "ty": "fl",
          "c": {
            "a": 0,
            "k": [0.87, 0.8, 0.7, 1],
            "ix": 4
          },
          "o": {
            "a": 0,
            "k": 100,
            "ix": 5
          },
          "r": 1,
          "bm": 0,
          "nm": "Fill",
          "mn": "ADBE Vector Graphic - Fill",
          "hd": false
        }
      ],
      "ip": 0,
      "op": 150,
      "st": 0,
      "bm": 0
    },
    {
      "ddd": 0,
      "ind": 2,
      "ty": 4,
      "nm": "Left Eye",
      "sr": 1,
      "ks": {
        "o": {
          "a": 0,
          "k": 100,
          "ix": 11
        },
        "r": {
          "a": 0,
          "k": 0,
          "ix": 10
        },
        "p": {
          "a": [
            {
              "i": { "x": 0.667, "y": 1 },
              "o": { "x": 0.333, "y": 0 },
              "t": 0,
              "s": [105, 70, 0],
              "to": [0, 2, 0],
              "ti": [0, -2, 0]
            },
            {
              "i": { "x": 0.667, "y": 1 },
              "o": { "x": 0.333, "y": 0 },
              "t": 75,
              "s": [105, 80, 0],
              "to": [0, -2, 0],
              "ti": [0, 2, 0]
            },
            {
              "t": 150,
              "s": [105, 70, 0]
            }
          ],
          "ix": 2
        },
        "a": {
          "a": 0,
          "k": [0, 0, 0],
          "ix": 1
        },
        "s": {
          "a": 0,
          "k": [100, 100, 100],
          "ix": 6
        }
      },
      "ao": 0,
      "shapes": [
        {
          "ty": "el",
          "d": 1,
          "s": {
            "a": 0,
            "k": [12, 12],
            "ix": 2
          },
          "p": {
            "a": 0,
            "k": [0, 0],
            "ix": 3
          },
          "nm": "Eye",
          "mn": "ADBE Vector Shape - Ellipse",
          "hd": false
        },
        {
          "ty": "fl",
          "c": {
            "a": 0,
            "k": [0.2, 0.2, 0.2, 1],
            "ix": 4
          },
          "o": {
            "a": 0,
            "k": 100,
            "ix": 5
          },
          "r": 1,
          "bm": 0,
          "nm": "Fill",
          "mn": "ADBE Vector Graphic - Fill",
          "hd": false
        }
      ],
      "ip": 0,
      "op": 150,
      "st": 0,
      "bm": 0
    },
    {
      "ddd": 0,
      "ind": 3,
      "ty": 4,
      "nm": "Right Eye",
      "sr": 1,
      "ks": {
        "o": {
          "a": 0,
          "k": 100,
          "ix": 11
        },
        "r": {
          "a": 0,
          "k": 0,
          "ix": 10
        },
        "p": {
          "a": [
            {
              "i": { "x": 0.667, "y": 1 },
              "o": { "x": 0.333, "y": 0 },
              "t": 0,
              "s": [145, 70, 0],
              "to": [0, 2, 0],
              "ti": [0, -2, 0]
            },
            {
              "i": { "x": 0.667, "y": 1 },
              "o": { "x": 0.333, "y": 0 },
              "t": 75,
              "s": [145, 80, 0],
              "to": [0, -2, 0],
              "ti": [0, 2, 0]
            },
            {
              "t": 150,
              "s": [145, 70, 0]
            }
          ],
          "ix": 2
        },
        "a": {
          "a": 0,
          "k": [0, 0, 0],
          "ix": 1
        },
        "s": {
          "a": 0,
          "k": [100, 100, 100],
          "ix": 6
        }
      },
      "ao": 0,
      "shapes": [
        {
          "ty": "el",
          "d": 1,
          "s": {
            "a": 0,
            "k": [12, 12],
            "ix": 2
          },
          "p": {
            "a": 0,
            "k": [0, 0],
            "ix": 3
          },
          "nm": "Eye",
          "mn": "ADBE Vector Shape - Ellipse",
          "hd": false
        },
        {
          "ty": "fl",
          "c": {
            "a": 0,
            "k": [0.2, 0.2, 0.2, 1],
            "ix": 4
          },
          "o": {
            "a": 0,
            "k": 100,
            "ix": 5
          },
          "r": 1,
          "bm": 0,
          "nm": "Fill",
          "mn": "ADBE Vector Graphic - Fill",
          "hd": false
        }
      ],
      "ip": 0,
      "op": 150,
      "st": 0,
      "bm": 0
    },
    {
      "ddd": 0,
      "ind": 4,
      "ty": 4,
      "nm": "Mouth",
      "sr": 1,
      "ks": {
        "o": {
          "a": 0,
          "k": 100,
          "ix": 11
        },
        "r": {
          "a": 0,
          "k": 0,
          "ix": 10
        },
        "p": {
          "a": 0,
          "k": [125, 110, 0],
          "ix": 2
        },
        "a": {
          "a": 0,
          "k": [0, 0, 0],
          "ix": 1
        },
        "s": {
          "a": 0,
          "k": [100, 100, 100],
          "ix": 6
        }
      },
      "ao": 0,
      "shapes": [
        {
          "ty": "sh",
          "ks": {
            "a": 0,
            "k": {
              "c": false,
              "v": [[-15, 0], [15, 0]],
              "i": [[0, 0], [0, 0]],
              "o": [[0, 0], [0, 0]]
            },
            "ix": 2
          },
          "nm": "Mouth Path",
          "mn": "ADBE Vector Shape - Path",
          "hd": false
        },
        {
          "ty": "st",
          "c": {
            "a": 0,
            "k": [0.2, 0.2, 0.2, 1],
            "ix": 3
          },
          "o": {
            "a": 0,
            "k": 100,
            "ix": 4
          },
          "w": {
            "a": 0,
            "k": 2,
            "ix": 5
          },
          "lc": 2,
          "lj": 2,
          "bm": 0,
          "nm": "Stroke",
          "mn": "ADBE Vector Graphic - Stroke",
          "hd": false
        }
      ],
      "ip": 0,
      "op": 150,
      "st": 0,
      "bm": 0
    }
  ],
  "markers": []
}
